{
  "pso_type": "rpso",
  "pso_runs": 1,
  "min_best_fitness": 1.490976851101324,
  "mean_best_fitness": 1.490976851101324,
  "max_best_fitness": 1.490976851101324,
  "averages": [
    7.004457416963478, 7.004457416963478, 6.98269394137786, 6.5050739145147904,
    6.290676350580588, 6.017585415140829, 4.614617524834826, 4.539832885288045,
    4.490558680586854, 4.05637402455084, 4.037111737269507, 3.6686241531233317,
    3.524544349602435, 3.465752758701671, 3.435680532105534, 3.246060110714311,
    3.246060110714311, 3.0523288528238974, 3.034127982994043, 3.010390408059318,
    2.850232794104864, 2.850232794104864, 2.7214278264396916, 2.612995217582802,
    2.5348935689159027, 2.393384550001736, 2.393384550001736, 2.393384550001736,
    2.393384550001736, 2.319135065314626, 2.319135065314626, 2.2928036268004583,
    2.265455884212219, 2.265455884212219, 2.265455884212219, 2.2580217838638776,
    2.2479245892497945, 2.219214914532512, 2.219214914532512,
    2.2069973293162106, 2.2069973293162106, 2.2069973293162106,
    2.170847697829779, 2.170847697829779, 2.1467006251608916,
    2.1467006251608916, 2.1467006251608916, 2.142552976365056,
    2.1033210062228984, 2.0240393962192313, 2.006648100812493,
    1.958773752834122, 1.9534202657673778, 1.8604125005398444,
    1.8418988131875895, 1.8381906521930238, 1.8381906521930238,
    1.7921016815577837, 1.7921016815577837, 1.7317472604471364,
    1.6994968230623795, 1.6935773838947745, 1.6935773838947745,
    1.6845350001960113, 1.6719599907208573, 1.6705288324959242,
    1.6675656834466848, 1.6675656834466848, 1.6675656834466848,
    1.6675656834466848, 1.6551850691981573, 1.6375717089145008,
    1.6349041696631437, 1.6250449687897837, 1.6250449687897837,
    1.614597476364048, 1.6081886733756037, 1.6080880806603048,
    1.5925345928800585, 1.583188384933619, 1.5691051491489323,
    1.5691051491489323, 1.568164247984833, 1.568164247984833, 1.568164247984833,
    1.5676464774094174, 1.563623787156956, 1.5605649028018456,
    1.5536980475580962, 1.553350208924817, 1.544930439960258, 1.544930439960258,
    1.5433984085820243, 1.5433984085820243, 1.5426755988824907,
    1.5424135392253653, 1.5424135392253653, 1.5422056218312572,
    1.540990174135324, 1.5403711786932408, 1.5392068708064213,
    1.5392068708064213, 1.5376012226062166, 1.5354780874126595,
    1.532444857527841, 1.5279066994727464, 1.524810641680126, 1.514899168530437,
    1.5111878717239726, 1.5084410627191458, 1.5084410627191458,
    1.5084410627191458, 1.5074078901501702, 1.507027851771295,
    1.5065819655440549, 1.5054391158255187, 1.5046024445036867,
    1.5045649683608064, 1.5038559942394458, 1.50237666037979,
    1.5006302463196701, 1.4995363631563259, 1.4968877134798615,
    1.4958300644494398, 1.4956014037193777, 1.4949754963018111,
    1.494623642182824, 1.4941772456449731, 1.4939322930994419,
    1.4936959197018842, 1.493245014718185, 1.492996236327551, 1.49211647703503,
    1.490976851101324
  ],
  "position_bounds": [-1.0, 1.0],
  "velocity_bounds": [-0.2, 0.2],
  "fitness_threshold": 1,
  "num_particles": 60,
  "Cp_min": 0.1,
  "Cp_max": 3.5,
  "Cg_min": 0.9,
  "Cg_max": 3.0,
  "w_min": 0.3,
  "w_max": 1.7,
  "gwn_std_dev": 0.15,
  "iterations": 134,
  "elapsed_time": 518.6744949817657,
  "best_weights": [
    1.0, 1.0, -1.0, -1.0, -1.0, 0.19332393931921282, 1.0, 1.0, 1.0, -1.0, -1.0,
    -1.0, -1.0, -1.0, 0.4504270322785376, 1.0, 1.0, 1.0, 0.6583740911259979,
    1.0, 0.7763235016628923, -1.0, 1.0, 1.0, -1.0, -0.47534708032087764, 1.0,
    1.0, -1.0, -1.0, -1.0, 1.0, -1.0, -0.17938104246400416, 0.8903662446962662,
    -1.0, 1.0, -0.854684573635825, 1.0, -1.0, 1.0, 1.0, -0.1941623286254381,
    1.0, 1.0, -1.0, 0.9427376767596197, 1.0, -0.33410534583648405,
    -0.47087065777599274, -1.0, -0.14347457739970307, 1.0, -0.9204508595412916,
    1.0, 0.839891778725025, -0.5755267455846904, -0.33832623483121177,
    0.4112374661136462, 1.0, 1.0, 0.4846045375242911, 1.0, 1.0, -1.0, 1.0, -1.0,
    -1.0, -1.0, 1.0, 1.0, -0.79989253380126, -1.0, 1.0, 1.0, -1.0, 1.0, 1.0,
    1.0, -0.08788080701521792, -1.0, -0.9164573847236487, -1.0, -1.0,
    0.12345787377973835, 1.0, -1.0, 1.0, -0.14499709430482124, -1.0, -1.0, 1.0,
    -0.040890181626735675, 0.27128373407171485, -1.0, 0.161044817968779, -1.0,
    1.0, -1.0, -1.0, 1.0, 1.0, 1.0, -1.0, 1.0, 0.1928246731224984, 1.0, 1.0,
    1.0, -1.0, -0.7647091112310036, 1.0, 1.0, 1.0, -1.0, 1.0, 1.0, 1.0, 1.0,
    1.0, -0.002672035262902087, -1.0, 1.0, -0.0751639628779946,
    -0.3498360249659476, -1.0, -1.0, 1.0, 1.0, -0.5754781899473901, 1.0, 1.0,
    1.0, 1.0, -0.05079705967805441, 1.0, 0.20947389500496866, 1.0, 1.0, -1.0
  ],
  "fitness_histories": [
    [
      7.004457416963478, 7.004457416963478, 6.98269394137786,
      6.5050739145147904, 6.290676350580588, 6.017585415140829,
      4.614617524834826, 4.539832885288045, 4.490558680586854, 4.05637402455084,
      4.037111737269507, 3.6686241531233317, 3.524544349602435,
      3.465752758701671, 3.435680532105534, 3.246060110714311,
      3.246060110714311, 3.0523288528238974, 3.034127982994043,
      3.010390408059318, 2.850232794104864, 2.850232794104864,
      2.7214278264396916, 2.612995217582802, 2.5348935689159027,
      2.393384550001736, 2.393384550001736, 2.393384550001736,
      2.393384550001736, 2.319135065314626, 2.319135065314626,
      2.2928036268004583, 2.265455884212219, 2.265455884212219,
      2.265455884212219, 2.2580217838638776, 2.2479245892497945,
      2.219214914532512, 2.219214914532512, 2.2069973293162106,
      2.2069973293162106, 2.2069973293162106, 2.170847697829779,
      2.170847697829779, 2.1467006251608916, 2.1467006251608916,
      2.1467006251608916, 2.142552976365056, 2.1033210062228984,
      2.0240393962192313, 2.006648100812493, 1.958773752834122,
      1.9534202657673778, 1.8604125005398444, 1.8418988131875895,
      1.8381906521930238, 1.8381906521930238, 1.7921016815577837,
      1.7921016815577837, 1.7317472604471364, 1.6994968230623795,
      1.6935773838947745, 1.6935773838947745, 1.6845350001960113,
      1.6719599907208573, 1.6705288324959242, 1.6675656834466848,
      1.6675656834466848, 1.6675656834466848, 1.6675656834466848,
      1.6551850691981573, 1.6375717089145008, 1.6349041696631437,
      1.6250449687897837, 1.6250449687897837, 1.614597476364048,
      1.6081886733756037, 1.6080880806603048, 1.5925345928800585,
      1.583188384933619, 1.5691051491489323, 1.5691051491489323,
      1.568164247984833, 1.568164247984833, 1.568164247984833,
      1.5676464774094174, 1.563623787156956, 1.5605649028018456,
      1.5536980475580962, 1.553350208924817, 1.544930439960258,
      1.544930439960258, 1.5433984085820243, 1.5433984085820243,
      1.5426755988824907, 1.5424135392253653, 1.5424135392253653,
      1.5422056218312572, 1.540990174135324, 1.5403711786932408,
      1.5392068708064213, 1.5392068708064213, 1.5376012226062166,
      1.5354780874126595, 1.532444857527841, 1.5279066994727464,
      1.524810641680126, 1.514899168530437, 1.5111878717239726,
      1.5084410627191458, 1.5084410627191458, 1.5084410627191458,
      1.5074078901501702, 1.507027851771295, 1.5065819655440549,
      1.5054391158255187, 1.5046024445036867, 1.5045649683608064,
      1.5038559942394458, 1.50237666037979, 1.5006302463196701,
      1.4995363631563259, 1.4968877134798615, 1.4958300644494398,
      1.4956014037193777, 1.4949754963018111, 1.494623642182824,
      1.4941772456449731, 1.4939322930994419, 1.4936959197018842,
      1.493245014718185, 1.492996236327551, 1.49211647703503, 1.490976851101324
    ]
  ]
}
