{
    "pso_type": "rpso",
    "pso_runs": 1,
    "min_best_fitness": 1.6411033296382664,
    "mean_best_fitness": 1.6411033296382664,
    "max_best_fitness": 1.6411033296382664,
    "averages": [
        7.520448148238361,
        7.1552280545894265,
        7.1552280545894265,
        7.1552280545894265,
        6.124631286733717,
        5.022769201269231,
        5.022769201269231,
        4.853288475569901,
        4.524517450894863,
        4.452170393501191,
        4.450631283333908,
        4.395423737497139,
        3.9566434498860734,
        3.8829010429495083,
        3.592590012136132,
        3.592590012136132,
        3.5024431420883926,
        3.407322705946846,
        3.277784861181619,
        3.277784861181619,
        3.1191219742515344,
        3.1191219742515344,
        2.9446340735769714,
        2.7981232995493963,
        2.7478631994575986,
        2.6909333410154503,
        2.563406621069675,
        2.563406621069675,
        2.53924644390795,
        2.5146281476729984,
        2.4951680217424386,
        2.4861671173872026,
        2.359704607241139,
        2.359704607241139,
        2.2899517115869816,
        2.274503163172614,
        2.269512025420137,
        2.2616729995237823,
        2.2586764362391145,
        2.257170906116807,
        2.2470169425770408,
        2.2330392966598787,
        2.2197324699863645,
        2.1306796745520704,
        2.114020199010632,
        2.100718161989385,
        2.0794002664198783,
        2.0794002664198783,
        2.0705445357514116,
        2.0611408263489617,
        2.043420220229224,
        2.0356320577281846,
        2.01121772526841,
        2.000790916458248,
        2.000790916458248,
        1.9946457599502168,
        1.9901066103609668,
        1.959181284112349,
        1.9404770529062783,
        1.9133687533224732,
        1.8909136969461895,
        1.853537299106845,
        1.837205230009615,
        1.829289969920604,
        1.829289969920604,
        1.8093131758120578,
        1.786804573456475,
        1.778166662173936,
        1.7174251652257326,
        1.7015992776278248,
        1.6824307772948026,
        1.674352859629778,
        1.674352859629778,
        1.6708299454474724,
        1.6708299454474724,
        1.6708299454474724,
        1.6702562856180505,
        1.6685200479210105,
        1.6655155339153638,
        1.6655155339153638,
        1.664012209709929,
        1.664012209709929,
        1.660644818389787,
        1.6588849394702223,
        1.6530697357228217,
        1.6530697357228217,
        1.6529698549673142,
        1.6529698549673142,
        1.651322357994961,
        1.6505157242713244,
        1.650293399271905,
        1.649813832270885,
        1.649813832270885,
        1.6496162719726912,
        1.6494188325586,
        1.6477412339817858,
        1.6477412339817858,
        1.6475907451546599,
        1.6475907451546599,
        1.6475907451546599,
        1.647330106504875,
        1.6471707507378164,
        1.6468082711238856,
        1.6461957540532177,
        1.6461673671227461,
        1.6456276326460884,
        1.6451895295620325,
        1.6448513272244014,
        1.6446478070704857,
        1.6445304526284068,
        1.6440304245001456,
        1.643768278535231,
        1.6436737797112015,
        1.643652964581607,
        1.6434128099970804,
        1.6433193063169549,
        1.6429252847317608,
        1.6426034533059468,
        1.6424884930444186,
        1.6423653953591353,
        1.6422524509234526,
        1.6421536544665758,
        1.6420534727099387,
        1.641997135935805,
        1.6418464110419013,
        1.6416561700837133,
        1.641626470173734,
        1.6415777437296402,
        1.6415777437296402,
        1.641535406464594,
        1.6414502202880212,
        1.6413656107153398,
        1.641261894490938,
        1.6411033296382664
    ],
    "position_bounds": [
        -1.0,
        1.0
    ],
    "velocity_bounds": [
        -0.2,
        0.2
    ],
    "fitness_threshold": 1,
    "num_particles": 60,
    "Cp_min": 0.1,
    "Cp_max": 3.5,
    "Cg_min": 0.9,
    "Cg_max": 3.0,
    "w_min": 0.3,
    "w_max": 1.7,
    "gwn_std_dev": 0.17651345,
    "iterations": 134,
    "elapsed_time": 520.6637141704559,
    "best_weights": [
        1.0,
        1.0,
        1.0,
        1.0,
        1.0,
        -1.0,
        1.0,
        -1.0,
        0.6727208392453764,
        1.0,
        -1.0,
        -1.0,
        1.0,
        -0.018962106625614386,
        -1.0,
        1.0,
        1.0,
        1.0,
        1.0,
        0.6329092104258589,
        1.0,
        1.0,
        1.0,
        1.0,
        0.2046807852766663,
        -1.0,
        1.0,
        -1.0,
        -1.0,
        -0.10550898029962313,
        -1.0,
        -1.0,
        0.008015878243105212,
        0.8117217078796728,
        -1.0,
        -1.0,
        -1.0,
        -1.0,
        -1.0,
        -1.0,
        1.0,
        1.0,
        1.0,
        -0.8692651259034856,
        1.0,
        1.0,
        -1.0,
        -1.0,
        1.0,
        1.0,
        1.0,
        -1.0,
        -1.0,
        1.0,
        1.0,
        1.0,
        -1.0,
        1.0,
        -1.0,
        -1.0,
        -1.0,
        1.0,
        -1.0,
        -0.3352065063442822,
        1.0,
        -1.0,
        -1.0,
        1.0,
        -1.0,
        1.0,
        -1.0,
        -1.0,
        1.0,
        1.0,
        1.0,
        1.0,
        -1.0,
        -1.0,
        1.0,
        -1.0,
        1.0,
        1.0,
        -0.1478798825472645,
        1.0,
        1.0,
        -0.15685190134012225,
        1.0,
        1.0,
        1.0,
        -0.18454304502992816,
        1.0,
        -1.0,
        -1.0,
        -1.0,
        -1.0,
        1.0,
        1.0,
        1.0,
        1.0,
        -1.0,
        1.0,
        -0.3314194674988119,
        1.0,
        1.0,
        1.0,
        -1.0,
        1.0,
        1.0,
        -0.7786256159145467,
        1.0,
        -1.0,
        1.0,
        1.0,
        -1.0,
        -1.0,
        1.0,
        1.0,
        -1.0,
        1.0,
        1.0,
        -1.0,
        -0.9009654978398974,
        -0.19793652076703663,
        1.0,
        -1.0,
        -1.0,
        1.0,
        1.0,
        1.0,
        1.0,
        0.8437707051940984,
        -0.22995870512310468,
        0.1748980233852846,
        1.0,
        1.0,
        -1.0,
        -0.46149686987598665,
        1.0,
        -1.0,
        1.0
    ],