{
    "pso_type": "rpso",
    "pso_runs": 1,
    "min_best_fitness": 2.3388927737052994,
    "mean_best_fitness": 2.3388927737052994,
    "max_best_fitness": 2.3388927737052994,
    "averages": [
        7.679685761460256,
        7.679685761460256,
        7.656613461956307,
        7.385870987261997,
        6.964468286377855,
        6.5870228661556816,
        6.313745054833276,
        6.10428370167197,
        5.614152579217923,
        5.249205937961091,
        5.062704388295509,
        4.781385631756794,
        4.578910682102018,
        4.436491730812025,
        4.42131874710487,
        4.339169728894829,
        4.3289679522369005,
        4.18545505068723,
        4.157038104835426,
        4.08639144563967,
        4.070271262986888,
        4.070271262986888,
        4.047232475840865,
        4.020197183887734,
        3.9694166449595256,
        3.9283873452989067,
        3.8873667114565897,
        3.846060329914279,
        3.8096132449596345,
        3.769123905289893,
        3.7481629004318675,
        3.7210388833084975,
        3.682871872201201,
        3.617530888845386,
        3.5267824252287445,
        3.443417951634136,
        3.3583515826187744,
        3.3301733456419242,
        3.2522512121732725,
        3.216850090397337,
        3.1361604908728316,
        3.079815085916676,
        3.0268910321778533,
        2.980455791000251,
        2.911215856801515,
        2.856670998028825,
        2.793704489522876,
        2.7328909198028772,
        2.673881981629812,
        2.6420920545956146,
        2.6076176373433717,
        2.5993856768011616,
        2.591090205887786,
        2.571707025467969,
        2.5437737053743703,
        2.530773070816113,
        2.5134919405235627,
        2.488091430130967,
        2.4653013261079306,
        2.4459108833179717,
        2.427083376992243,
        2.416310963816256,
        2.415754595558227,
        2.4114816443440534,
        2.40869511809528,
        2.4064130851668843,
        2.402881890787185,
        2.398940639345016,
        2.394977471996267,
        2.3906493341541335,
        2.387193398486462,
        2.382720345137789,
        2.379815389862298,
        2.3776795179300616,
        2.3747482166341816,
        2.3703322468226156,
        2.366446199580509,
        2.3641882298852868,
        2.3618037373516687,
        2.35924100179554,
        2.3565810884137917,
        2.3552280385271307,
        2.3547238616059643,
        2.3542719342037453,
        2.353843520500087,
        2.3537082957312365,
        2.3533110850239773,
        2.3530499895964896,
        2.3529071195325524,
        2.3526957369866084,
        2.3525435216852717,
        2.3524868691348533,
        2.3519477401947992,
        2.351092015849696,
        2.3503193658566905,
        2.34967512766476,
        2.349197871702462,
        2.3486293610291686,
        2.3480405064586733,
        2.3465045255580383,
        2.3453450179720714,
        2.344949745827258,
        2.3445297978468824,
        2.3443088119629563,
        2.344255418323505,
        2.3440312534696357,
        2.3439669699375987,
        2.343868913812788,
        2.343788451833015,
        2.343525481596444,
        2.3431111800304403,
        2.3423475011083403,
        2.3416640090474785,
        2.341312412421938,
        2.341155179818025,
        2.341079105590324,
        2.340919311110567,
        2.340855553226071,
        2.3407307823734316,
        2.3405519155747716,
        2.340302131090945,
        2.339957156481961,
        2.3393941456864575,
        2.3392275092684782,
        2.3391344526967597,
        2.3389851263648946,
        2.338914995760076,
        2.338900113122888,
        2.3388991956969494,
        2.338897055035025,
        2.338894710498289,
        2.338894710498289,
        2.33889358919728,
        2.3388927737052994
    ],
    "position_bounds": [
        -1.0,
        1.0
    ],
    "velocity_bounds": [
        -0.2,
        0.2
    ],
    "fitness_threshold": 1,
    "num_particles": 60,
    "Cp_min": 0.5,
    "Cp_max": 2.5,
    "Cg_min": 0.5,
    "Cg_max": 2.5,
    "w_min": 0.4,
    "w_max": 0.9,
    "gwn_std_dev": 0.07,
    "iterations": 134,
    "elapsed_time": 522.5271828174591,
    "best_weights": [
        -1.0,
        1.0,
        0.20015410491507069,
        -1.0,
        1.0,
        -1.0,
        -0.027934722481710982,
        0.07278079675960368,
        1.0,
        1.0,
        1.0,
        -0.08145604426920944,
        -1.0,
        -1.0,
        1.0,
        1.0,
        1.0,
        1.0,
        1.0,
        1.0,
        1.0,
        -1.0,
        1.0,
        -1.0,
        1.0,
        -1.0,
        -1.0,
        1.0,
        -0.5732752346121868,
        1.0,
        -1.0,
        -1.0,
        1.0,
        1.0,
        1.0,
        -1.0,
        1.0,
        -1.0,
        -1.0,
        -0.39906407923077103,
        -1.0,
        -1.0,
        0.45680825476526304,
        -1.0,
        -1.0,
        1.0,
        1.0,
        1.0,
        1.0,
        -0.5554473439565135,
        1.0,
        1.0,
        1.0,
        -1.0,
        -1.0,
        -1.0,
        -1.0,
        -1.0,
        -1.0,
        1.0,
        -1.0,
        -1.0,
        -1.0,
        -1.0,
        -1.0,
        -1.0,
        -1.0,
        1.0,
        1.0,
        1.0,
        -1.0,
        1.0,
        1.0,
        -1.0,
        1.0,
        0.9284743410608702,
        1.0,
        -1.0,
        -1.0,
        1.0,
        1.0,
        1.0,
        -1.0,
        -1.0,
        -1.0,
        -1.0,
        -1.0,
        1.0,
        1.0,
        1.0,
        -1.0,
        1.0,
        -1.0,
        1.0,
        -1.0,
        1.0,
        1.0,
        -1.0,
        0.40696905322997107,
        -1.0,
        1.0,
        1.0,
        1.0,
        1.0,
        1.0,
        -0.554280139126075,
        1.0,
        -1.0,
        0.8518922984171031,
        -0.1456060857717274,
        1.0,
        1.0,
        1.0,
        -1.0,
        -1.0,
        1.0,
        -1.0,
        -1.0,
        1.0,
        1.0,
        1.0,
        1.0,
        1.0,
        1.0,
        1.0,
        1.0,
        1.0,
        1.0,
        1.0,
        1.0,
        1.0,
        -1.0,
        1.0,
        -1.0,
        0.5190586820142823,
        1.0,
        -1.0,
        1.0,
        1.0,
        -1.0
    ],