{
    "pso_type": "rpso",
    "pso_runs": 9,
    "min_best_fitness": 6.915647163476262,
    "mean_best_fitness": 8.645492266534005,
    "max_best_fitness": 9.588737843565085,
    "averages": [8.688182420694263, 8.685416797510749, 8.645492266534005],
    "position_bounds": [
        [-1.0, 1.0],
        [-1.0, 1.0],
        [-1.0, 1.0],
        [-1.0, 1.0],
        [-1.0, 1.0],
        [-1.0, 1.0],
        [-1.0, 1.0],
        [-1.0, 1.0],
        [-1.0, 1.0],
        [-1.0, 1.0],
        [-1.0, 1.0],
        [-1.0, 1.0],
        [-1.0, 1.0],
        [-1.0, 1.0],
        [-1.0, 1.0],
        [-1.0, 1.0],
        [-1.0, 1.0],
        [-1.0, 1.0],
        [-1.0, 1.0],
        [-1.0, 1.0],
        [-1.0, 1.0],
        [-1.0, 1.0],
        [-1.0, 1.0],
        [-1.0, 1.0],
        [-1.0, 1.0],
        [-1.0, 1.0],
        [-1.0, 1.0],
        [-1.0, 1.0],
        [-1.0, 1.0],
        [-1.0, 1.0],
        [-1.0, 1.0],
        [-1.0, 1.0],
        [-1.0, 1.0],
        [-1.0, 1.0],
        [-1.0, 1.0],
        [-1.0, 1.0],
        [-1.0, 1.0],
        [-1.0, 1.0],
        [-1.0, 1.0],
        [-1.0, 1.0],
        [-1.0, 1.0],
        [-1.0, 1.0],
        [-1.0, 1.0],
        [-1.0, 1.0],
        [-1.0, 1.0],
        [-1.0, 1.0],
        [-1.0, 1.0],
        [-1.0, 1.0],
        [-1.0, 1.0],
        [-1.0, 1.0],
        [-1.0, 1.0],
        [-1.0, 1.0],
        [-1.0, 1.0],
        [-1.0, 1.0],
        [-1.0, 1.0],
        [-1.0, 1.0],
        [-1.0, 1.0],
        [-1.0, 1.0],
        [-1.0, 1.0],
        [-1.0, 1.0],
        [-1.0, 1.0],
        [-1.0, 1.0],
        [-1.0, 1.0],
        [-1.0, 1.0],
        [-1.0, 1.0],
        [-1.0, 1.0],
        [-1.0, 1.0],
        [-1.0, 1.0],
        [-1.0, 1.0],
        [-1.0, 1.0],
        [-1.0, 1.0],
        [-1.0, 1.0],
        [-1.0, 1.0],
        [-1.0, 1.0],
        [-1.0, 1.0],
        [-1.0, 1.0],
        [-1.0, 1.0],
        [-1.0, 1.0],
        [-1.0, 1.0],
        [-1.0, 1.0],
        [-1.0, 1.0],
        [-1.0, 1.0],
        [-1.0, 1.0],
        [-1.0, 1.0],
        [-1.0, 1.0],
        [-1.0, 1.0],
        [-1.0, 1.0],
        [-1.0, 1.0],
        [-1.0, 1.0],
        [-1.0, 1.0],
        [-1.0, 1.0],
        [-1.0, 1.0],
        [-1.0, 1.0],
        [-1.0, 1.0],
        [-1.0, 1.0],
        [-1.0, 1.0],
        [-1.0, 1.0],
        [-1.0, 1.0],
        [-1.0, 1.0],
        [-1.0, 1.0],
        [-1.0, 1.0],
        [-1.0, 1.0],
        [-1.0, 1.0],
        [-1.0, 1.0],
        [-1.0, 1.0],
        [-1.0, 1.0],
        [-1.0, 1.0],
        [-1.0, 1.0],
        [-1.0, 1.0],
        [-1.0, 1.0],
        [-1.0, 1.0],
        [-1.0, 1.0],
        [-1.0, 1.0],
        [-1.0, 1.0],
        [-1.0, 1.0],
        [-1.0, 1.0],
        [-1.0, 1.0],
        [-1.0, 1.0],
        [-1.0, 1.0],
        [-1.0, 1.0],
        [-1.0, 1.0],
        [-1.0, 1.0],
        [-1.0, 1.0],
        [-1.0, 1.0],
        [-1.0, 1.0],
        [-1.0, 1.0],
        [-1.0, 1.0],
        [-1.0, 1.0],
        [-1.0, 1.0],
        [-1.0, 1.0],
        [-1.0, 1.0],
        [-1.0, 1.0],
        [-1.0, 1.0],
        [-1.0, 1.0],
        [-1.0, 1.0],
        [-1.0, 1.0],
        [-1.0, 1.0],
        [-1.0, 1.0],
        [-1.0, 1.0],
        [-1.0, 1.0]
    ],
    "velocity_bounds": [
        [-0.2, 0.2],
        [-0.2, 0.2],
        [-0.2, 0.2],
        [-0.2, 0.2],
        [-0.2, 0.2],
        [-0.2, 0.2],
        [-0.2, 0.2],
        [-0.2, 0.2],
        [-0.2, 0.2],
        [-0.2, 0.2],
        [-0.2, 0.2],
        [-0.2, 0.2],
        [-0.2, 0.2],
        [-0.2, 0.2],
        [-0.2, 0.2],
        [-0.2, 0.2],
        [-0.2, 0.2],
        [-0.2, 0.2],
        [-0.2, 0.2],
        [-0.2, 0.2],
        [-0.2, 0.2],
        [-0.2, 0.2],
        [-0.2, 0.2],
        [-0.2, 0.2],
        [-0.2, 0.2],
        [-0.2, 0.2],
        [-0.2, 0.2],
        [-0.2, 0.2],
        [-0.2, 0.2],
        [-0.2, 0.2],
        [-0.2, 0.2],
        [-0.2, 0.2],
        [-0.2, 0.2],
        [-0.2, 0.2],
        [-0.2, 0.2],
        [-0.2, 0.2],
        [-0.2, 0.2],
        [-0.2, 0.2],
        [-0.2, 0.2],
        [-0.2, 0.2],
        [-0.2, 0.2],
        [-0.2, 0.2],
        [-0.2, 0.2],
        [-0.2, 0.2],
        [-0.2, 0.2],
        [-0.2, 0.2],
        [-0.2, 0.2],
        [-0.2, 0.2],
        [-0.2, 0.2],
        [-0.2, 0.2],
        [-0.2, 0.2],
        [-0.2, 0.2],
        [-0.2, 0.2],
        [-0.2, 0.2],
        [-0.2, 0.2],
        [-0.2, 0.2],
        [-0.2, 0.2],
        [-0.2, 0.2],
        [-0.2, 0.2],
        [-0.2, 0.2],
        [-0.2, 0.2],
        [-0.2, 0.2],
        [-0.2, 0.2],
        [-0.2, 0.2],
        [-0.2, 0.2],
        [-0.2, 0.2],
        [-0.2, 0.2],
        [-0.2, 0.2],
        [-0.2, 0.2],
        [-0.2, 0.2],
        [-0.2, 0.2],
        [-0.2, 0.2],
        [-0.2, 0.2],
        [-0.2, 0.2],
        [-0.2, 0.2],
        [-0.2, 0.2],
        [-0.2, 0.2],
        [-0.2, 0.2],
        [-0.2, 0.2],
        [-0.2, 0.2],
        [-0.2, 0.2],
        [-0.2, 0.2],
        [-0.2, 0.2],
        [-0.2, 0.2],
        [-0.2, 0.2],
        [-0.2, 0.2],
        [-0.2, 0.2],
        [-0.2, 0.2],
        [-0.2, 0.2],
        [-0.2, 0.2],
        [-0.2, 0.2],
        [-0.2, 0.2],
        [-0.2, 0.2],
        [-0.2, 0.2],
        [-0.2, 0.2],
        [-0.2, 0.2],
        [-0.2, 0.2],
        [-0.2, 0.2],
        [-0.2, 0.2],
        [-0.2, 0.2],
        [-0.2, 0.2],
        [-0.2, 0.2],
        [-0.2, 0.2],
        [-0.2, 0.2],
        [-0.2, 0.2],
        [-0.2, 0.2],
        [-0.2, 0.2],
        [-0.2, 0.2],
        [-0.2, 0.2],
        [-0.2, 0.2],
        [-0.2, 0.2],
        [-0.2, 0.2],
        [-0.2, 0.2],
        [-0.2, 0.2],
        [-0.2, 0.2],
        [-0.2, 0.2],
        [-0.2, 0.2],
        [-0.2, 0.2],
        [-0.2, 0.2],
        [-0.2, 0.2],
        [-0.2, 0.2],
        [-0.2, 0.2],
        [-0.2, 0.2],
        [-0.2, 0.2],
        [-0.2, 0.2],
        [-0.2, 0.2],
        [-0.2, 0.2],
        [-0.2, 0.2],
        [-0.2, 0.2],
        [-0.2, 0.2],
        [-0.2, 0.2],
        [-0.2, 0.2],
        [-0.2, 0.2],
        [-0.2, 0.2],
        [-0.2, 0.2],
        [-0.2, 0.2],
        [-0.2, 0.2],
        [-0.2, 0.2],
        [-0.2, 0.2],
        [-0.2, 0.2]
    ],
    "fitness_threshold": 0.1,
    "num_particles": 3,
    "Cp_min": 0.1,
    "Cp_max": 3.5,
    "Cg_min": 0.9,
    "Cg_max": 3.0,
    "w_min": 0.3,
    "w_max": 1.7,
    "gwn_std_dev": 0.15,
    "iterations": 3,
    "elapsed_time": 7.115072011947632,