{
    "pso_type": "rpso",
    "pso_runs": 9,
    "fitness_histories": [
        [
            7.168502513335083,
            7.0892446049352476,
            6.761474463922017,
            6.066527611672397,
            5.746500028125136,
            5.746500028125136,
            5.197614621526518,
            4.678224057745915,
            4.534318818704548,
            4.288518374310848,
            4.197812718823275,
            4.138036761084172,
            3.9875681330202393,
            3.9875681330202393,
            3.8805019327322805,
            3.8805019327322805,
            3.831629305260958,
            3.6962613264728863,
            3.5492462432555554,
            3.29712144554309,
            3.277618433065911,
            3.118006854301196,
            2.976268203083689,
            2.9470481716499632,
            2.782786684168181,
            2.6755413755391038,
            2.6077307357449553,
            2.4968960566581715,
            2.4767681241037023,
            2.433541629533158,
            2.357138375695002,
            2.3117158952278336,
            2.271208834151729,
            2.2421148733678202,
            2.2033840595279206,
            2.1934662246834127,
            2.165383276722027,
            2.152826881532313,
            2.1070102576036436,
            2.0890128221789417,
            2.0774097789357593,
            2.063875953162574,
            2.0528058040542794,
            2.038963812416671,
            2.0127822583264177,
            1.9760640235752875,
            1.9504484834651776,
            1.9391780477642546,
            1.9210769733256439,
            1.9167262634742075
        ],
        [
            7.559661584777931,
            7.254273306208685,
            6.742541112721396,
            6.742541112721396,
            6.742541112721396,
            5.555991833828444,
            4.8144725373594435,
            4.8144725373594435,
            4.794680811150055,
            4.707531863614759,
            4.456498216989683,
            4.456115361088414,
            4.187095736447491,
            4.187095736447491,
            4.06035381260009,
            3.879249949368787,
            3.7341125906840014,
            3.6609224639075824,
            3.355532697749933,
            3.332483008327793,
            3.1849877424019213,
            2.935966740858993,
            2.7696174210027498,
            2.6498838543180967,
            2.462734184167109,
            2.3565530637727443,
            2.2001872936632614,
            2.054210999212269,
            2.0533132852880205,
            1.9341374413176378,
            1.7418748378308744,
            1.7418748378308744,
            1.7418748378308744,
            1.7191299712048818,
            1.7170725873379313,
            1.7170725873379313,
            1.7170725873379313,
            1.7067707482777275,
            1.7032348877339818,
            1.6926651073707548,
            1.6802997981239292,
            1.6691974340083173,
            1.6691974340083173,
            1.6625290373367296,
            1.66050497543752,
            1.6549383763944463,
            1.6358748197161206,
            1.6129234970264807,
            1.5867254244853235,
            1.5679610377161477
        ],
        [
            6.005784425345344,
            5.996719417173906,
            5.950683413454139,
            5.950683413454139,
            5.950683413454139,
            5.939828837590612,
            5.094425648070233,
            4.958860908885414,
            4.852001029081306,
            4.672574300323219,
            4.581333741467435,
            4.581333741467435,
            4.482264643552282,
            4.327782352256289,
            3.952769267243652,
            3.8669934156631594,
            3.4800374355714214,
            3.4800374355714214,
            3.185484304930415,
            3.01219796847042,
            2.948411682048214,
            2.892506415014646,
            2.8358509061009007,
            2.7760735677540613,
            2.7357929150139144,
            2.6833794520740963,
            2.5957118508541726,
            2.5523685114336367,
            2.4730126966188304,
            2.41254196921097,
            2.398387200141837,
            2.3735210431622433,
            2.3269520307317073,
            2.2917013223513005,
            2.257651141779552,
            2.153215235354321,
            2.1101907918645813,
            2.0902438057145107,
            2.078349968915783,
            2.0698285382894595,
            2.059547970443955,
            2.056751911162906,
            2.0203066136155665,
            2.0090915747013347,
            1.9582928457200646,
            1.957218062265589,
            1.955572075424835,
            1.9453541701423005,
            1.9402948341296535,
            1.9273215550450158
        ],
        [
            6.643181665465792,
            6.585284398685623,
            6.2829963951264425,
            5.649899959522497,
            5.155110366187444,
            5.155110366187444,
            4.864045771672066,
            4.864045771672066,
            4.416645313907086,
            4.416645313907086,
            4.416645313907086,
            4.07349796813637,
            3.8767086076859387,
            3.6469447739700156,
            3.5260062654972937,
            3.345029924655141,
            2.9948821919345834,
            2.976135543679593,
            2.8509356920261038,
            2.5797568041008136,
            2.5315278454160244,
            2.3921763055441043,
            2.3921763055441043,
            2.3676920438095084,
            2.3676920438095084,
            2.311416887826035,
            2.280896825755701,
            2.2524271695199602,
            2.2463490216692823,
            2.2290103774378958,
            2.2290103774378958,
            2.226428754035407,
            2.208483732848036,
            2.208483732848036,
            2.2055795401874,
            2.1976222583841962,
            2.193160988182735,
            2.1786697910446744,
            2.1661269053569057,
            2.1498981850934964,
            2.1457044939293377,
            2.139671503149009,
            2.123226435419273,
            2.108270200404834,
            2.1043390134221824,
            2.1037303988472322,
            2.0918358550727327,
            2.0788060269859843,
            2.0664892053809067,
            2.0655044866774954
        ],
        [
            7.45152051117534,
            7.2586231908138545,
            7.1799961891270465,
            7.1799961891270465,
            7.1799961891270465,
            6.975205514812948,
            6.307768001782139,
            5.664096847956198,
            5.315122787191273,
            5.087243728369131,
            5.087243728369131,
            4.774513235796289,
            4.5261865145643325,
            4.409652802862928,
            4.252911636191599,
            3.9910507225994167,
            3.8085778495261033,
            3.682448984946485,
            3.4781718097563257,
            3.361412530489865,
            3.1465519637953316,
            3.0245589510116235,
            2.866974617437561,
            2.7773075235528566,
            2.7473577463604584,
            2.7399700360852526,
            2.7337524577314216,
            2.7045957940926826,
            2.6981603642475163,
            2.694813469286293,
            2.6916142398543155,
            2.6894447032876947,
            2.681825546701249,
            2.681825546701249,
            2.6792267606253626,
            2.674918243014452,
            2.6686113736957577,
            2.6589948945098674,
            2.6459536087052182,
            2.6289909541865724,
            2.622447453091496,
            2.603238136058587,
            2.5888810015309494,
            2.5493764002619157,
            2.4971425893003403,
            2.4582725991543186,
            2.447026246366993,
            2.42761740859247,
