{
    "name": "Checking at which noise level to the noise function Adam starts to get really bad RMSE",
    "noise level values": [
        100000, 90000, 80000, 70000, 60000, 50000, 40000, 30000, 20000, 10000,
        5000, 1000
    ],
    "RMSE values": [
        4.772665857357534, 4.7878581737269155, 4.68237451714132,
        4.696814070031649, 4.692067476884961, 4.69278896769161,
        4.572986413978467, 4.374243098588243, 2.551024911642965,
        1.6861705488146628, 1.4850785043946626, 1.6002087337713737
    ]
}
