{
    "timestamp": "202309271801",
    "parameters": {
        "learning_rate": 0.001,
        "beta_1": 0.9,
        "beta_2": 0.999
    },
    "results": {
        "loss": [
            1.4029434319123404,
            1.6601474938123078,
            1.5770931060188087,
            3.9791744772733653,
            1.5729359147039543,
            1.5072154318056863,
            1.4615279526575722,
            1.4418395760334215,
            4.054335584194197,
            1.3579653198074013
        ],
        "best_model_filename": "optimized_ann_gbest_202309271801.h5",
        "min_loss": 1.3579653198074013,
        "mean_loss": 2.0015178288219055,
        "max_loss": 4.054335584194197,
        "box_plot_filename": "unoptimized_adam_ann_stats/box_plot_202309271801.png"
    }
}